,Position,RealPos,aa,min_distance_to_UNK,avg_distance_UNK
0,24,1,A,15.099631,16.949938
1,25,2,S,17.19109,18.970135
2,26,3,A,18.792883,20.500189
3,27,4,P,21.994324,23.606142
4,28,5,I,21.870466,23.522877
5,29,6,G,25.583092,27.056025
6,30,7,S,28.619673,29.953566
7,31,8,A,30.264141,31.618877
8,32,9,I,33.272808,34.740883
9,33,10,P,36.647907,38.057846
10,34,11,R,35.19849,36.75781
11,35,12,N,40.987236,42.478092
12,36,13,N,43.379223,44.923985
13,37,14,W,35.827385,37.57343
14,38,15,A,42.692204,44.636063
15,39,16,V,40.52921,42.475193
16,40,17,T,41.453503,43.632965
17,41,18,C,40.735092,42.888977
18,42,19,D,41.745007,44.15141
19,43,20,S,42.612038,44.859367
20,44,21,A,44.02858,46.174618
21,45,22,Q,44.393097,46.545715
22,46,23,S,46.296623,48.284267
23,47,24,G,43.326267,45.202515
24,48,25,N,40.49493,42.452682
25,49,26,E,41.420727,43.406105
26,50,27,C,40.039852,42.02723
27,51,28,N,40.645927,42.449112
28,52,29,K,37.845467,39.648666
29,53,30,A,35.470074,37.306908
30,54,31,I,37.458073,39.288383
31,55,32,D,38.557545,40.15576
32,56,33,G,35.74399,37.14416
33,57,34,N,35.605263,37.15412
34,58,35,K,28.884457,30.177967
35,59,36,D,34.463116,35.942505
36,60,37,T,36.342438,38.128185
37,61,38,F,36.141678,38.08285
38,62,39,W,37.25652,39.355022
39,63,40,H,38.371384,40.538113
40,64,41,T,39.700787,42.01788
41,65,42,F,43.245007,45.560246
42,66,43,Y,42.666733,44.839455
43,67,44,G,45.98122,48.21789
44,68,45,A,49.3714,51.58301
45,69,46,N,48.651463,50.91464
46,70,47,G,46.084167,48.418407
47,71,48,D,43.711414,46.15554
48,72,49,P,41.780434,44.222744
49,73,50,K,40.48545,42.99507
50,74,51,P,36.876743,39.39796
51,75,52,P,38.56116,41.079586
52,76,53,H,36.94058,39.354477
53,77,54,T,38.643093,40.996994
54,78,55,Y,36.682636,38.79459
55,79,56,T,39.367638,41.552853
56,80,57,I,36.330364,38.30141
57,81,58,D,41.486916,43.442345
58,82,59,M,37.075294,38.83799
59,83,60,K,43.298424,45.056484
60,84,61,T,41.21797,42.898895
61,85,62,T,40.098427,41.697525
62,86,63,Q,36.71018,38.318497
63,87,64,N,32.62177,34.183773
64,88,65,V,31.357204,33.10934
65,89,66,N,26.70265,28.515688
66,90,67,G,27.764189,29.666018
67,91,68,L,26.324469,28.328606
68,92,69,S,26.70966,28.571287
69,93,70,V,26.671741,28.719765
70,94,71,L,27.351498,29.11352
71,95,72,P,27.18657,29.20357
72,96,73,R,30.23862,32.138016
73,97,74,Q,27.957829,29.6133
74,98,75,D,32.789642,34.532333
75,99,76,G,31.592308,33.44806
76,100,77,N,31.870382,33.879177
77,101,78,Q,28.774244,30.960363
78,102,79,N,33.582447,35.75038
79,103,80,G,32.601154,34.894623
80,104,81,W,27.46909,29.631268
81,105,82,I,27.45509,29.889677
82,106,83,G,27.418957,29.949043
83,107,84,R,28.825994,31.3981
84,108,85,H,26.11432,28.58178
85,109,86,E,31.195242,33.666855
86,110,87,V,29.928251,32.223263
87,111,88,Y,34.034508,36.308716
88,112,89,L,33.503456,35.510708
89,113,90,S,38.825317,40.893772
90,114,91,S,41.995617,43.993107
91,115,92,D,44.517525,46.528294
92,116,93,G,44.385014,46.500965
93,117,94,T,45.06249,47.330215
94,118,95,N,42.253082,44.423767
95,119,96,W,38.356247,40.601532
96,120,97,G,38.405575,40.709362
97,121,98,S,34.975475,37.249123
98,122,99,P,31.822788,34.132202
99,123,100,V,28.456135,30.68485
100,124,101,A,27.411558,29.715944
101,125,102,S,25.875685,28.390648
102,126,103,G,25.978334,28.560627
103,127,104,S,22.807878,25.377691
104,128,105,W,23.30264,25.802881
105,129,106,F,19.9043,22.311066
106,130,107,A,23.356346,25.766188
107,131,108,D,20.523815,22.677206
108,132,109,S,24.828255,26.785997
109,133,110,T,20.90964,22.80967
110,134,111,T,21.820623,23.83933
111,135,112,K,21.058722,23.362072
112,136,113,Y,21.511017,23.461609
113,137,114,S,24.393785,26.542456
114,138,115,N,21.013395,22.911911
115,139,116,F,25.371372,27.356127
116,140,117,E,25.444525,27.1508
117,141,118,T,29.514532,31.223927
118,142,119,R,32.760628,34.51213
119,143,120,P,36.197742,37.92841
120,144,121,A,37.598167,39.499058
121,145,122,R,40.14194,41.997765
122,146,123,Y,38.03977,40.066685
123,147,124,V,34.40932,36.475277
124,148,125,R,34.594467,36.863144
125,149,126,L,31.034443,33.349075
126,150,127,V,32.950977,35.409897
127,151,128,A,33.65169,36.11639
128,152,129,I,32.787548,35.36535
129,153,130,T,30.944677,33.538116
130,154,131,E,31.101992,33.59616
131,155,132,A,28.046246,30.479012
132,156,133,N,29.040277,31.400066
133,157,134,G,32.39126,34.887318
134,158,135,Q,34.86856,37.332066
135,159,136,P,38.03175,40.47364
136,160,137,W,35.568287,37.95725
137,161,138,T,34.990738,37.32685
138,162,139,S,32.879375,35.068043
139,163,140,I,32.83123,34.88855
140,164,141,A,32.57892,34.426113
141,165,142,E,30.91639,32.821873
142,166,143,I,32.36807,34.281406
143,167,144,N,30.5708,32.445747
144,168,145,V,31.445944,33.155865
145,169,146,F,27.244137,28.839434
146,170,147,Q,30.099216,31.458666
147,171,148,A,30.206608,31.565733
148,172,149,S,31.54043,32.701164
149,173,150,S,32.910572,34.21254
150,174,151,Y,34.40912,35.952164
151,175,152,T,33.873837,35.26889
152,176,153,A,35.521687,36.922325
153,177,154,P,33.414505,35.019276
154,178,155,Q,34.967464,36.33648
155,179,156,P,37.600597,38.991978
156,180,157,G,35.316017,36.700596
157,181,158,L,31.100597,32.56179
158,182,159,G,31.649176,33.315426
159,183,160,R,29.024809,30.904009
160,184,161,W,22.874472,24.597143
161,185,162,G,27.58207,29.613365
162,186,163,P,25.742981,27.998297
163,187,164,T,23.0882,25.361876
164,188,165,I,21.481539,23.969515
165,189,166,D,21.984362,24.53678
166,190,167,L,18.323801,20.952272
167,191,168,P,17.85956,20.41822
168,192,169,I,15.112564,17.766518
169,193,170,V,11.249133,13.826864
170,194,171,P,12.408382,15.071966
171,195,172,A,8.880944,11.614655
172,196,173,A,11.681441,14.282599
173,197,174,A,14.778399,17.225264
174,198,175,A,18.420492,20.809423
175,199,176,I,21.887575,24.193853
176,200,177,E,24.54577,26.928411
177,201,178,P,26.390436,28.629389
178,202,179,T,30.012768,32.315952
179,203,180,S,28.201279,30.690546
180,204,181,G,27.757866,30.219343
181,205,182,R,24.617119,27.097095
182,206,183,V,20.785044,23.302889
183,207,184,L,18.56491,21.110992
184,208,185,M,16.464483,19.128986
185,209,186,W,12.385221,15.086907
186,210,187,S,10.468185,13.07208
187,211,188,S,10.098809,12.297997
188,212,189,Y,12.681337,14.897221
189,213,190,R,12.848309,15.314606
190,214,191,N,13.277303,15.842553
191,215,192,D,10.390818,12.607798
192,216,193,A,9.3925905,11.570982
193,217,194,F,3.2308764,5.504826
194,218,195,E,6.227218,9.377997
195,219,196,G,8.47546,11.827566
196,220,197,S,10.338704,13.407816
197,221,198,P,13.642842,16.542599
198,222,199,G,14.447577,17.019812
199,223,200,G,16.676107,18.679695
200,224,201,I,15.175136,17.26518
201,225,202,T,15.094546,17.432373
202,226,203,L,15.748086,18.367083
203,227,204,T,17.99836,20.595766
204,228,205,S,19.188356,21.869692
205,229,206,S,21.91699,24.601961
206,230,207,W,23.561888,26.21504
207,231,208,D,26.785295,29.411976
208,232,209,P,27.866362,30.353533
209,233,210,S,31.361609,33.90272
210,234,211,T,31.541649,34.181606
211,235,212,G,28.64976,31.27525
212,236,213,I,27.157978,29.824915
213,237,214,V,23.349344,26.02909
214,238,215,S,23.288902,25.974688
215,239,216,D,22.415377,25.056604
216,240,217,R,20.666199,23.200254
217,241,218,T,20.8889,23.18056
218,242,219,V,19.60479,21.770845
219,243,220,T,21.85339,23.923828
220,244,221,V,23.587126,25.599628
221,245,222,T,20.352705,22.309446
222,246,223,K,18.974865,20.638977
223,247,224,H,14.425496,16.1171
224,248,225,D,11.936136,13.961899
225,249,226,M,11.532871,13.745789
226,250,227,F,4.7429824,7.2529235
227,251,228,C,5.0978603,6.9771805
228,252,229,P,10.192703,11.988254
229,253,230,G,13.408509,14.854879
230,254,231,I,14.342954,16.419127
231,255,232,S,19.085648,20.733372
232,256,233,M,22.421448,24.118956
233,257,234,D,25.17048,26.844423
234,258,235,G,28.65472,30.208565
235,259,236,N,30.32483,32.013485
236,260,237,G,27.173021,29.218794
237,261,238,Q,24.529535,26.384674
238,262,239,I,20.06087,22.148703
239,263,240,V,18.808521,20.506105
240,264,241,V,15.520088,17.497036
241,265,242,T,14.008033,15.37434
242,266,243,G,12.82557,14.191474
243,267,244,G,10.374793,11.761555
244,268,245,N,7.8892784,9.773319
245,269,246,D,12.618759,14.187607
246,270,247,A,13.438233,14.852142
247,271,248,K,16.232944,17.526781
248,272,249,K,17.633543,18.953344
249,273,250,T,19.634888,21.013084
250,274,251,S,19.119986,20.991766
251,275,252,L,22.251116,24.154634
252,276,253,Y,22.533257,24.773851
253,277,254,D,25.923035,28.11715
254,278,255,S,27.618444,29.877754
255,279,256,S,30.357204,32.647335
256,280,257,S,30.53967,32.878094
257,281,258,D,26.74209,29.250305
258,282,259,S,26.042023,28.291954
259,283,260,W,19.828167,22.142958
260,284,261,I,24.380651,26.252047
261,285,262,P,25.040165,26.768377
262,286,263,G,24.293146,25.683075
263,287,264,P,22.984823,24.212517
264,288,265,D,22.34194,23.568327
265,289,266,M,16.792616,17.887901
266,290,267,Q,21.889633,22.7954
267,291,268,V,18.189434,19.025488
268,292,269,A,15.145081,16.105738
269,293,270,R,12.429539,13.373292
270,294,271,G,9.32691,10.64764
271,295,272,Y,2.9548156,4.69985
272,296,273,Q,10.997314,12.511505
273,297,274,S,13.648758,15.425431
274,298,275,S,16.686356,18.233086
275,299,276,A,20.220139,21.762053
276,300,277,T,23.27218,24.772326
277,301,278,M,26.535704,28.039312
278,302,279,S,29.801697,31.364088
279,303,280,D,30.4534,31.888481
280,304,281,G,28.496298,29.830671
281,305,282,R,26.442518,27.834484
282,306,283,V,21.9737,23.283644
283,307,284,F,20.514284,22.025684
284,308,285,T,17.14823,18.553984
285,309,286,I,15.456466,17.074793
286,310,287,G,13.912732,15.401865
287,311,288,G,11.353471,12.667984
288,312,289,S,9.335549,10.293609
289,313,290,F,3.401276,4.4445367
290,314,291,S,8.776704,9.929078
291,315,292,G,11.366128,12.924011
292,316,293,G,12.335606,13.751047
293,317,294,V,11.075431,12.08595
294,318,295,F,15.235506,16.130285
295,319,296,E,17.933077,19.094795
296,320,297,K,14.221164,15.162993
297,321,298,N,19.85348,21.19556
298,322,299,G,21.544209,22.999983
299,323,300,E,21.374397,22.43386
300,324,301,V,24.673481,25.953932
301,325,302,Y,24.852829,25.96111
302,326,303,S,28.125257,29.222715
303,327,304,P,29.445644,30.7375
304,328,305,S,32.004246,33.35115
305,329,306,S,31.953041,33.157948
306,330,307,K,29.13231,30.32705
307,331,308,T,27.553505,28.616453
308,332,309,W,21.974792,23.104006
309,333,310,T,26.114182,27.30796
310,334,311,S,25.21358,26.24337
311,335,312,L,25.187445,26.601896
312,336,313,P,25.669598,27.059038
313,337,314,N,26.887257,28.466066
314,338,315,A,22.91377,24.49712
315,339,316,K,21.881708,23.717579
316,340,317,V,17.01457,18.860008
317,341,318,N,19.760736,22.043093
318,342,319,P,20.551968,22.925673
319,343,320,M,16.193201,18.308445
320,344,321,L,15.035105,17.18823
321,345,322,T,12.194353,14.921875
322,346,323,A,14.099652,16.76611
323,347,324,D,8.387002,11.174524
324,348,325,K,11.23277,13.741879
325,349,326,Q,5.184381,7.564682
326,350,327,G,10.391897,12.612453
327,351,328,L,10.605671,12.444386
328,352,329,Y,4.0344486,5.34364
329,353,330,M,3.670651,5.8304167
330,354,331,S,9.779343,12.2001505
331,355,332,D,10.804381,12.592681
332,356,333,N,6.4820986,8.563628
333,357,334,H,7.6174874,9.460668
334,358,335,A,13.517754,15.537002
335,359,336,W,14.825697,17.113108
336,360,337,L,18.42877,20.168182
337,361,338,F,21.27252,23.261412
338,362,339,G,24.789326,26.503248
339,363,340,W,27.936523,29.665129
340,364,341,K,31.445333,33.193085
341,365,342,K,32.87483,34.541492
342,366,343,G,28.941992,30.58222
343,367,344,S,27.638597,29.355711
344,368,345,V,22.962873,24.711174
345,369,346,F,22.27639,24.270906
346,370,347,Q,18.51518,20.892387
347,371,348,A,20.078838,22.536531
348,372,349,G,16.599005,19.081963
349,373,350,P,13.202545,15.753207
350,374,351,S,16.1187,18.801056
351,375,352,T,18.816881,21.583488
352,376,353,A,20.670547,23.249107
353,377,354,M,22.786753,25.370245
354,378,355,N,22.081415,24.480316
355,379,356,W,25.774393,27.975618
356,380,357,Y,20.216805,22.315773
357,381,358,Y,27.67096,29.41519
358,382,359,T,27.393013,28.960749
359,383,360,S,31.501423,33.048485
360,384,361,G,31.46197,32.85007
361,385,362,S,28.764822,30.182283
362,386,363,G,29.00393,30.526201
363,387,364,D,27.135742,28.92881
364,388,365,V,24.874342,26.967714
365,389,366,K,27.237486,29.50775
366,390,367,S,27.56239,29.968927
367,391,368,A,27.083239,29.503456
368,392,369,G,25.39292,28.018599
369,393,370,K,25.351643,28.073566
370,394,371,R,21.23865,23.886742
371,395,372,Q,25.888903,28.62077
372,396,373,S,28.414955,31.15771
373,397,374,N,31.471397,34.200027
374,398,375,R,28.767254,31.530304
375,399,376,G,27.037228,29.830217
376,400,377,V,23.931252,26.757471
377,401,378,A,21.091137,23.919167
378,402,379,P,18.18725,21.017763
379,403,380,D,15.240362,18.094612
380,404,381,A,13.352638,16.08562
381,405,382,M,8.550017,11.357226
382,406,383,C,7.8036866,10.228489
383,407,384,G,12.933572,15.347138
384,408,385,N,14.959581,16.840979
385,409,386,A,18.329386,20.370314
386,410,387,V,21.59078,23.30418
387,411,388,M,24.476717,26.265297
388,412,389,Y,27.38228,29.166077
389,413,390,D,30.12452,31.905489
390,414,391,A,31.041048,32.72468
391,415,392,V,33.73238,35.473324
392,416,393,K,33.37729,35.450893
393,417,394,G,29.661331,31.786358
394,418,395,K,27.988537,29.969475
395,419,396,I,23.612385,25.75833
396,420,397,L,22.249832,24.375181
397,421,398,T,20.976038,23.36476
398,422,399,F,17.468027,19.746649
399,423,400,G,16.055693,18.510675
400,424,401,G,13.734302,16.254524
401,425,402,S,10.605987,13.364618
402,426,403,P,12.160171,15.015533
403,427,404,D,8.860908,11.766021
404,428,405,Y,3.752962,6.3502455
405,429,406,T,3.7265978,6.7731385
406,430,407,D,7.9897685,10.953353
407,431,408,S,10.469265,13.455209
408,432,409,D,13.569653,16.490547
409,433,410,A,14.61235,17.1047
410,434,411,T,16.958687,19.52256
411,435,412,T,20.468002,22.918737
412,436,413,N,20.654194,23.302153
413,437,414,A,22.94022,25.439772
414,438,415,H,23.32885,25.958067
415,439,416,I,26.84805,29.285912
416,440,417,I,24.024052,26.486683
417,441,418,T,29.676437,32.030785
418,442,419,L,27.77729,29.844048
419,443,420,G,32.661335,34.862595
420,444,421,E,33.203266,35.37057
421,445,422,P,32.310417,34.27441
422,446,423,G,32.008373,34.15536
423,447,424,T,31.329754,33.678036
424,448,425,S,30.845537,33.413494
425,449,426,P,28.554144,30.984308
426,450,427,N,30.310625,32.797924
427,451,428,T,26.937426,29.543016
428,452,429,V,28.07115,30.617554
429,453,430,F,26.079592,28.625172
430,454,431,A,27.234781,29.574207
431,455,432,S,30.033478,32.383957
432,456,433,N,27.616976,29.97133
433,457,434,G,25.592014,27.840889
434,458,435,L,20.391722,22.515953
435,459,436,Y,24.419151,26.462221
436,460,437,F,20.434885,22.438255
437,461,438,A,17.948086,20.0738
438,462,439,R,14.9828205,17.040247
439,463,440,T,10.652636,12.957595
440,464,441,F,6.904012,8.92443
441,465,442,H,13.438415,15.025954
442,466,443,T,14.561216,16.22834
443,467,444,S,18.527136,19.94875
444,468,445,V,21.48996,23.259806
445,469,446,V,24.850853,26.34385
446,470,447,L,27.623943,29.319513
447,471,448,P,30.987638,32.732944
448,472,449,D,32.46464,33.95185
449,473,450,G,30.246033,31.9255
450,474,451,S,28.409664,29.892763
451,475,452,T,23.931856,25.6141
452,476,453,F,22.593206,23.98203
453,477,454,I,20.3745,22.06521
454,478,455,T,17.7334,19.051947
455,479,456,G,16.896938,18.118315
456,480,457,G,14.765766,16.129387
457,481,458,Q,11.465128,13.055609
458,482,459,R,14.729749,17.12938
459,483,460,R,11.422769,13.694516
460,484,461,G,8.067602,10.736474
461,485,462,I,7.1833324,9.206001
462,486,463,P,3.6431074,5.766432
463,487,464,F,3.4748216,4.9324803
464,488,465,E,9.1797085,10.578751
465,489,466,D,12.581248,13.939884
466,490,467,S,13.03245,15.004147
467,491,468,T,14.965466,16.981339
468,492,469,P,17.151636,18.709373
469,493,470,V,18.39409,19.814877
470,494,471,F,21.046211,22.131044
471,495,472,T,23.27593,24.618456
472,496,473,P,23.991762,25.245302
473,497,474,E,23.59235,25.382904
474,498,475,I,27.03153,28.613634
475,499,476,Y,27.403763,29.31314
476,500,477,V,30.729097,32.56455
477,501,478,P,31.387152,33.27493
478,502,479,E,35.040478,36.98174
479,503,480,Q,35.361244,37.43001
480,504,481,D,31.678179,33.93847
481,505,482,T,31.046543,32.97157
482,506,483,F,25.850163,27.915754
483,507,484,Y,28.800417,30.359533
484,508,485,K,28.550379,30.15122
485,509,486,Q,28.501598,29.807562
486,510,487,N,27.216316,28.63233
487,511,488,P,26.130795,27.547472
488,512,489,N,21.280748,22.891144
489,513,490,S,21.88965,23.38651
490,514,491,I,18.312712,20.193066
491,515,492,V,15.384325,16.594002
492,516,493,R,13.831378,15.32323
493,517,494,A,10.500527,11.9354315
494,518,495,Y,2.9723341,4.555736
495,519,496,H,3.8606203,6.593125
496,520,497,S,10.295169,12.403541
497,521,498,I,12.996532,15.3037815
498,522,499,S,16.612143,18.653288
499,523,500,L,19.159756,21.283558
500,524,501,L,23.131037,25.162672
501,525,502,L,24.74533,27.092598
502,526,503,P,28.049574,30.355995
503,527,504,D,29.618748,31.842522
504,528,505,G,29.72197,31.672089
505,529,506,R,26.561323,28.645092
506,530,507,V,22.730312,24.658741
507,531,508,F,19.545326,22.030533
508,532,509,N,17.310732,19.282175
509,533,510,G,14.358415,16.628752
510,534,511,G,12.638022,14.952628
511,535,512,G,10.283637,12.501044
512,536,513,G,6.646766,9.043372
513,537,514,L,6.4848027,8.815009
514,538,515,C,8.066447,9.628574
515,539,516,G,10.126353,11.916485
516,540,517,D,12.456366,13.862765
517,541,518,C,10.681794,12.2237425
518,542,519,T,14.365958,15.612701
519,543,520,T,10.911268,12.302115
520,544,521,N,10.525845,12.654647
521,545,522,H,13.650651,15.832709
522,546,523,F,14.957579,17.296156
523,547,524,D,17.124695,19.556627
524,548,525,A,19.387232,21.795149
525,549,526,Q,21.17421,23.43181
526,550,527,I,24.39519,26.589636
527,551,528,F,25.528444,27.404669
528,552,529,T,28.766203,30.703865
529,553,530,P,30.189005,32.05353
530,554,531,N,33.12074,34.77256
531,555,532,Y,34.306408,35.827965
532,556,533,L,32.978676,34.980503
533,557,534,Y,33.96784,35.924282
534,558,535,D,40.78546,42.58344
535,559,536,S,43.37268,45.04976
536,560,537,N,43.45805,45.204407
537,561,538,G,39.699043,41.551476
538,562,539,N,40.56407,42.46549
539,563,540,L,36.924824,38.98604
540,564,541,A,40.378437,42.355568
541,565,542,T,42.55419,44.58866
542,566,543,R,34.617958,36.727047
543,567,544,P,41.303078,43.38286
544,568,545,K,43.018246,45.14475
545,569,546,I,39.909492,41.92778
546,570,547,T,45.04912,47.18494
547,571,548,R,45.292675,47.339554
548,572,549,T,42.260254,44.308346
549,573,550,S,45.674416,47.65637
550,574,551,T,41.72857,43.689915
551,575,552,Q,37.885414,39.85553
552,576,553,S,39.271828,41.121925
553,577,554,V,38.568672,40.215878
554,578,555,K,40.271835,41.760025
555,579,556,V,38.101406,39.646816
556,580,557,G,41.122463,42.63402
557,581,558,G,42.98067,44.50186
558,582,559,R,44.810326,46.43513
559,583,560,I,40.51721,42.291336
560,584,561,T,45.868694,47.68201
561,585,562,I,43.43055,45.33035
562,586,563,S,45.99866,48.040443
563,587,564,T,45.381905,47.328335
564,588,565,D,46.166813,48.305996
565,589,566,S,46.6016,48.564415
566,590,567,S,46.673813,48.483334
567,591,568,I,44.260246,46.044117
568,592,569,S,43.79612,45.34977
569,593,570,K,40.582806,42.15838
570,594,571,A,38.23621,39.828556
571,595,572,S,34.46351,36.09099
572,596,573,L,32.124783,33.689365
573,597,574,I,28.107502,29.834814
574,598,575,R,24.284204,25.87842
575,599,576,Y,24.204151,26.05802
576,600,577,G,21.00807,23.012714
577,601,578,T,17.551012,19.526588
578,602,579,A,13.837323,16.044718
579,603,580,T,9.856748,12.054425
580,604,581,H,5.3289056,7.443703
581,605,582,T,11.067378,12.746169
582,606,583,V,12.616512,14.363574
583,607,584,N,16.496788,18.071892
584,608,585,T,18.154701,19.824486
585,609,586,D,20.718456,22.472153
586,610,587,Q,20.88117,22.387297
587,611,588,R,25.346651,26.952734
588,612,589,R,28.934742,30.500866
589,613,590,I,32.50722,34.055584
590,614,591,P,35.08064,36.695587
591,615,592,L,38.564808,40.087967
592,616,593,T,41.950737,43.492367
593,617,594,L,43.471638,45.089233
594,618,595,T,47.64756,49.176197
595,619,596,N,50.475098,52.04857
596,620,597,N,51.1728,52.900513
597,621,598,G,54.309505,56.025272
598,622,599,G,52.079853,53.879337
599,623,600,N,49.7967,51.730717
600,624,601,S,49.935196,51.741093
601,625,602,Y,46.943985,48.69132
602,626,603,S,46.07487,47.696617
603,627,604,F,40.390316,42.057816
604,628,605,Q,41.333755,42.861923
605,629,606,V,37.847527,39.323093
606,630,607,P,37.242485,38.847225
607,631,608,S,39.21825,40.831947
608,632,609,D,35.424343,37.053905
609,633,610,S,32.23329,33.817245
610,634,611,G,30.502003,32.192394
611,635,612,V,31.30524,32.930477
612,636,613,A,32.61338,34.15024
613,637,614,L,26.651394,28.160658
614,638,615,P,29.476273,31.026081
615,639,616,G,30.300507,32.027294
616,640,617,Y,29.005232,30.86866
617,641,618,W,30.622833,32.123863
618,642,619,M,27.938175,29.924438
619,643,620,L,34.387714,36.3269
620,644,621,F,31.459852,33.45572
621,645,622,V,38.29978,40.162094
622,646,623,M,37.163013,38.78584
623,647,624,N,42.224487,43.985172
624,648,625,S,44.500267,46.035114
625,649,626,A,41.489464,43.083847
626,650,627,G,38.153862,39.840855
627,651,628,V,39.046524,40.88557
628,652,629,P,35.395325,37.26372
629,653,630,S,35.805,37.83947
630,654,631,V,35.53717,37.67081
631,655,632,A,32.87719,34.98721
632,656,633,S,35.153927,37.202694
633,657,634,T,32.927288,35.129284
634,658,635,I,33.64513,35.55609
635,659,636,R,34.529922,36.403534
636,660,637,V,34.063168,35.6957
637,661,638,T,36.248688,37.84275
638,662,639,Q,34.962147,36.495697
