,Position,mutations,num_mutation_sites,min_distance_to_UNK,sift_avg,shanID,shanMS,avg_PLM_score,ESM-2_LLR(-ive),avg_PLM_score_bypos
0,313,F313W,1,0.0626,0.0964,0.9067,0.9773,-0.0507,-0.0507,-0.0507
1,475,T475V,1,0.4407,0.0925,0.8536,0.8167,-0.0877,-0.0877,-0.0192
2,475,T475I,1,0.4407,0.0925,0.8536,0.8167,0.0492,0.0492,-0.0192
3,401,A401D,1,0.3884,0.1342,0.6264,0.4101,-0.013,-0.013,-0.013
4,466,T466N,1,0.2681,0.2028,0.6497,0.9757,-0.0033,-0.0033,-0.0033
5,78,Y78I,1,0.6754,0.1133,0.6988,0.7925,-0.096,-0.096,0.0053
6,78,Y78L,1,0.6754,0.1133,0.6988,0.7925,-0.0261,-0.0261,0.0053
7,78,Y78M,1,0.6754,0.1133,0.6988,0.7925,0.1291,0.1291,0.0053
8,78,Y78F,1,0.6754,0.1133,0.6988,0.7925,0.0094,0.0094,0.0053
9,78,Y78V,1,0.6754,0.1133,0.6988,0.7925,0.0103,0.0103,0.0053
10,453,F453A,1,0.4802,0.8813,0.2844,0.174,-0.0429,-0.0429,0.0158
11,453,F453D,1,0.4802,0.8813,0.2844,0.174,0.0469,0.0469,0.0158
12,453,F453N,1,0.4802,0.8813,0.2844,0.174,0.0125,0.0125,0.0158
13,453,F453R,1,0.4802,0.8813,0.2844,0.174,0.01,0.01,0.0158
14,453,F453Q,1,0.4802,0.8813,0.2844,0.174,0.0084,0.0084,0.0158
15,93,V93F,1,0.4911,0.3423,0.4803,0.6571,0.1074,0.1074,0.0204
16,93,V93Y,1,0.4911,0.3423,0.4803,0.6571,-0.0666,-0.0666,0.0204
17,65,F65Q,1,0.7963,0.4988,0.2352,0.0832,-0.0784,-0.0784,0.021
18,65,F65D,1,0.7963,0.4988,0.2352,0.0832,0.0398,0.0398,0.021
19,65,F65N,1,0.7963,0.4988,0.2352,0.0832,-0.084,-0.084,0.021
20,65,F65R,1,0.7963,0.4988,0.2352,0.0832,-0.0504,-0.0504,0.021
21,65,F65A,1,0.7963,0.4988,0.2352,0.0832,-0.0743,-0.0743,0.021
22,554,N554G,1,0.6099,0.1079,0.6211,0.5382,0.0847,0.0847,0.0229
23,554,N554A,1,0.6099,0.1079,0.6211,0.5382,0.0605,0.0605,0.0229
24,554,N554P,1,0.6099,0.1079,0.6211,0.5382,-0.0976,-0.0976,0.0229
25,554,N554S,1,0.6099,0.1079,0.6211,0.5382,0.0441,0.0441,0.0229
26,205,R205K,1,0.4533,0.1766,0.5077,0.4736,0.0253,0.0253,0.0253
27,290,Q290A,1,0.4031,0.4618,0.3486,0.3883,-0.042,-0.042,0.0278
28,290,Q290D,1,0.4031,0.4618,0.3486,0.3883,0.1042,0.1042,0.0278
29,290,Q290E,1,0.4031,0.4618,0.3486,0.3883,0.095,0.095,0.0278
30,290,Q290R,1,0.4031,0.4618,0.3486,0.3883,0.0255,0.0255,0.0278
31,290,Q290N,1,0.4031,0.4618,0.3486,0.3883,-0.1165,-0.1165,0.0278
32,190,L190F,1,0.3374,0.1157,0.7638,0.6556,0.0375,0.0375,0.0375
33,488,E488N,1,0.169,0.3285,0.3508,0.3763,0.1113,0.1113,0.0402
34,488,E488D,1,0.169,0.3285,0.3508,0.3763,0.0551,0.0551,0.0402
35,488,E488S,1,0.169,0.3285,0.3508,0.3763,-0.0307,-0.0307,0.0402
36,488,E488T,1,0.169,0.3285,0.3508,0.3763,0.0251,0.0251,0.0402
37,601,T601S,1,0.3232,0.2043,0.65,0.6998,0.047,0.047,0.047
38,36,N36G,1,0.7987,0.1889,0.4687,0.2579,0.0492,0.0492,0.0492
39,158,Q158K,1,0.642,0.3963,0.4003,0.3181,0.1334,0.1334,0.0538
40,158,Q158N,1,0.642,0.3963,0.4003,0.3181,-0.0257,-0.0257,0.0538
41,353,M353Q,1,0.0676,0.0902,0.8287,0.8588,0.0637,0.0637,0.0542
42,353,M353A,1,0.0676,0.0902,0.8287,0.8588,0.0962,0.0962,0.0542
43,353,M353R,1,0.0676,0.0902,0.8287,0.8588,-0.3161,-0.3161,0.0542
44,353,M353N,1,0.0676,0.0902,0.8287,0.8588,0.1092,0.1092,0.0542
45,353,M353G,1,0.0676,0.0902,0.8287,0.8588,0.1423,0.1423,0.0542
46,32,I32L,1,0.6127,0.1665,0.7371,0.9788,0.0551,0.0551,0.0551
47,301,M301A,1,0.4886,0.1342,0.5892,0.7415,0.0469,0.0469,0.0561
48,301,M301C,1,0.4886,0.1342,0.5892,0.7415,0.1177,0.1177,0.0561
49,301,M301L,1,0.4886,0.1342,0.5892,0.7415,-0.0772,-0.0772,0.0561
50,301,M301T,1,0.4886,0.1342,0.5892,0.7415,0.0745,0.0745,0.0561
51,301,M301V,1,0.4886,0.1342,0.5892,0.7415,0.1188,0.1188,0.0561
52,104,W104I,1,0.5058,0.6145,0.3731,0.2851,-0.048,-0.048,0.057
53,104,W104A,1,0.5058,0.6145,0.3731,0.2851,0.143,0.143,0.057
54,104,W104N,1,0.5058,0.6145,0.3731,0.2851,0.0213,0.0213,0.057
55,104,W104R,1,0.5058,0.6145,0.3731,0.2851,-0.0291,-0.0291,0.057
56,104,W104Q,1,0.5058,0.6145,0.3731,0.2851,0.0897,0.0897,0.057
57,557,Y557L,1,0.6254,0.1457,0.6639,0.6194,0.1006,0.1006,0.0625
58,557,Y557F,1,0.6254,0.1457,0.6639,0.6194,0.0244,0.0244,0.0625
59,129,F129A,1,0.3665,0.6106,0.2401,0.2259,-0.0649,-0.0649,0.0631
60,129,F129R,1,0.3665,0.6106,0.2401,0.2259,0.1311,0.1311,0.0631
61,129,F129D,1,0.3665,0.6106,0.2401,0.2259,0.078,0.078,0.0631
62,129,F129N,1,0.3665,0.6106,0.2401,0.2259,0.0365,0.0365,0.0631
63,129,F129Q,1,0.3665,0.6106,0.2401,0.2259,0.0626,0.0626,0.0631
64,38,A38S,1,0.7861,0.1928,0.4361,0.3982,0.0978,0.0978,0.0631
65,38,A38T,1,0.7861,0.1928,0.4361,0.3982,0.0284,0.0284,0.0631
66,218,E218N,1,0.1147,1.0,0.3191,0.1927,0.0913,0.0913,0.0635
67,218,E218D,1,0.1147,1.0,0.3191,0.1927,0.1244,0.1244,0.0635
68,218,E218G,1,0.1147,1.0,0.3191,0.1927,-0.1295,-0.1295,0.0635
69,218,E218F,1,0.1147,1.0,0.3191,0.1927,0.0648,0.0648,0.0635
70,218,E218A,1,0.1147,1.0,0.3191,0.1927,0.1192,0.1192,0.0635
71,239,D239Q,1,0.4127,0.1935,0.4394,0.3618,0.0572,0.0572,0.0658
72,239,D239E,1,0.4127,0.1935,0.4394,0.3618,0.0745,0.0745,0.0658
73,319,E319G,1,0.3302,0.6083,0.3164,0.2082,-0.0009,-0.0009,0.0674
74,319,E319D,1,0.3302,0.6083,0.3164,0.2082,0.1357,0.1357,0.0674
75,571,R571E,1,0.834,0.1712,0.4257,0.2911,0.1445,0.1445,0.0679
76,571,R571Q,1,0.834,0.1712,0.4257,0.2911,0.1145,0.1145,0.0679
77,571,R571D,1,0.834,0.1712,0.4257,0.2911,0.1303,0.1303,0.0679
78,571,R571N,1,0.834,0.1712,0.4257,0.2911,0.0481,0.0481,0.0679
79,571,R571A,1,0.834,0.1712,0.4257,0.2911,0.0588,0.0588,0.0679
80,395,Q395E,1,0.4767,0.6199,0.2971,0.2568,0.1388,0.1388,0.0684
81,395,Q395G,1,0.4767,0.6199,0.2971,0.2568,0.0928,0.0928,0.0684
82,395,Q395A,1,0.4767,0.6199,0.2971,0.2568,0.0579,0.0579,0.0684
83,395,Q395N,1,0.4767,0.6199,0.2971,0.2568,0.0466,0.0466,0.0684
84,395,Q395D,1,0.4767,0.6199,0.2971,0.2568,0.0116,0.0116,0.0684
85,393,K393D,1,0.4668,0.5513,0.3079,0.2814,0.1391,0.1391,0.0688
86,393,K393N,1,0.4668,0.5513,0.3079,0.2814,0.0742,0.0742,0.0688
87,393,K393S,1,0.4668,0.5513,0.3079,0.2814,-0.0176,-0.0176,0.0688
88,393,K393A,1,0.4668,0.5513,0.3079,0.2814,0.0513,0.0513,0.0688
89,393,K393I,1,0.4668,0.5513,0.3079,0.2814,0.1415,0.1415,0.0688
90,261,Q261N,1,0.4517,0.2182,0.4657,0.3808,0.0732,0.0732,0.0732
91,442,L442I,1,0.5115,0.1449,0.6744,0.987,0.0733,0.0733,0.0733
92,532,N532V,1,0.3187,0.2621,0.6049,0.8433,0.1494,0.1494,0.0737
93,532,N532S,1,0.3187,0.2621,0.6049,0.8433,0.0042,0.0042,0.0737
94,532,N532T,1,0.3187,0.2621,0.6049,0.8433,0.0674,0.0674,0.0737
95,152,V152L,1,0.6037,0.653,0.3434,0.37,0.075,0.075,0.075
96,459,Y459Q,1,0.4496,0.6245,0.1769,0.21,0.0816,0.0816,0.0751
97,459,Y459D,1,0.4496,0.6245,0.1769,0.21,0.1317,0.1317,0.0751
98,459,Y459N,1,0.4496,0.6245,0.1769,0.21,0.0298,0.0298,0.0751
99,459,Y459R,1,0.4496,0.6245,0.1769,0.21,0.1254,0.1254,0.0751
100,459,Y459A,1,0.4496,0.6245,0.1769,0.21,0.0197,0.0197,0.0751
101,318,F318A,1,0.2805,0.6839,0.2826,0.1228,0.1148,0.1148,0.0793
102,318,F318G,1,0.2805,0.6839,0.2826,0.1228,0.0438,0.0438,0.0793
103,503,Q503N,1,0.6511,0.1658,0.4236,0.4193,0.0871,0.0871,0.0796
104,503,Q503S,1,0.6511,0.1658,0.4236,0.4193,0.1112,0.1112,0.0796
105,503,Q503T,1,0.6511,0.1658,0.4236,0.4193,-0.0088,-0.0088,0.0796
106,503,Q503K,1,0.6511,0.1658,0.4236,0.4193,0.1287,0.1287,0.0796
107,517,A517T,1,0.1933,0.2729,0.6269,0.6159,0.0028,0.0028,0.0801
108,517,A517S,1,0.1933,0.2729,0.6269,0.6159,0.1186,0.1186,0.0801
109,517,A517G,1,0.1933,0.2729,0.6269,0.6159,0.072,0.072,0.0801
110,517,A517N,1,0.1933,0.2729,0.6269,0.6159,0.0675,0.0675,0.0801
111,517,A517C,1,0.1933,0.2729,0.6269,0.6159,0.1475,0.1475,0.0801
112,422,F422A,1,0.3216,0.3539,0.387,0.5401,-0.01,-0.01,0.0805
113,422,F422I,1,0.3216,0.3539,0.387,0.5401,0.1442,0.1442,0.0805
114,422,F422T,1,0.3216,0.3539,0.387,0.5401,0.096,0.096,0.0805
115,422,F422M,1,0.3216,0.3539,0.387,0.5401,0.1113,0.1113,0.0805
116,422,F422L,1,0.3216,0.3539,0.387,0.5401,0.1017,0.1017,0.0805
117,458,L458A,1,0.3755,0.1018,0.7038,0.9386,0.0975,0.0975,0.0809
118,458,L458M,1,0.3755,0.1018,0.7038,0.9386,0.0643,0.0643,0.0809
119,509,Q509V,1,0.5248,0.2498,0.5423,0.5855,0.1473,0.1473,0.0829
120,509,Q509M,1,0.5248,0.2498,0.5423,0.5855,0.0477,0.0477,0.0829
121,509,Q509L,1,0.5248,0.2498,0.5423,0.5855,-0.0063,-0.0063,0.0829
122,509,Q509A,1,0.5248,0.2498,0.5423,0.5855,0.143,0.143,0.0829
123,572,T572L,1,0.7781,0.4117,0.4171,0.4488,0.0631,0.0631,0.0831
124,572,T572V,1,0.7781,0.4117,0.4171,0.4488,0.067,0.067,0.0831
125,572,T572I,1,0.7781,0.4117,0.4171,0.4488,0.1192,0.1192,0.0831
126,628,Q628V,1,0.7611,0.3655,0.277,0.3826,0.1431,0.1431,0.0835
127,628,Q628T,1,0.7611,0.3655,0.277,0.3826,0.0239,0.0239,0.0835
128,582,R582T,1,0.8251,0.3161,0.3643,0.4365,0.0091,0.0091,0.0848
129,582,R582S,1,0.8251,0.3161,0.3643,0.4365,0.0397,0.0397,0.0848
130,582,R582K,1,0.8251,0.3161,0.3643,0.4365,0.1315,0.1315,0.0848
131,582,R582N,1,0.8251,0.3161,0.3643,0.4365,0.0959,0.0959,0.0848
132,582,R582Q,1,0.8251,0.3161,0.3643,0.4365,0.1476,0.1476,0.0848
133,463,T463V,1,0.1961,0.3153,0.482,0.5918,0.0853,0.0853,0.0853
134,597,I597V,1,0.5175,0.1789,0.6267,0.9698,0.0853,0.0853,0.0853
135,507,Y507T,1,0.5303,0.387,0.3526,0.2016,0.0643,0.0643,0.0856
136,507,Y507V,1,0.5303,0.387,0.3526,0.2016,0.0546,0.0546,0.0856
137,507,Y507K,1,0.5303,0.387,0.3526,0.2016,0.1139,0.1139,0.0856
138,507,Y507I,1,0.5303,0.387,0.3526,0.2016,0.069,0.069,0.0856
139,507,Y507R,1,0.5303,0.387,0.3526,0.2016,0.1261,0.1261,0.0856
140,383,S383D,1,0.58,0.5066,0.2736,0.1674,0.1059,0.1059,0.0888
141,383,S383G,1,0.58,0.5066,0.2736,0.1674,0.1311,0.1311,0.0888
142,383,S383N,1,0.58,0.5066,0.2736,0.1674,0.0295,0.0295,0.0888
143,284,I284T,1,0.4489,0.5235,0.3737,0.4515,0.0889,0.0889,0.0902
144,284,I284S,1,0.4489,0.5235,0.3737,0.4515,0.0915,0.0915,0.0902
145,341,N341E,1,0.3639,0.6245,0.2231,0.1482,0.1488,0.1488,0.0904
146,341,N341D,1,0.3639,0.6245,0.2231,0.1482,0.0988,0.0988,0.0904
147,341,N341A,1,0.3639,0.6245,0.2231,0.1482,-0.0432,-0.0432,0.0904
148,341,N341K,1,0.3639,0.6245,0.2231,0.1482,0.1428,0.1428,0.0904
149,341,N341G,1,0.3639,0.6245,0.2231,0.1482,0.1462,0.1462,0.0904
150,67,G67S,1,0.8467,0.3192,0.2989,0.2027,0.0907,0.0907,0.0907
151,28,I28V,1,0.4027,0.6091,0.2557,0.3418,0.1188,0.1188,0.0911
152,28,I28T,1,0.4027,0.6091,0.2557,0.3418,0.0485,0.0485,0.0911
153,28,I28S,1,0.4027,0.6091,0.2557,0.3418,0.0586,0.0586,0.0911
154,28,I28G,1,0.4027,0.6091,0.2557,0.3418,0.1455,0.1455,0.0911
155,28,I28A,1,0.4027,0.6091,0.2557,0.3418,0.084,0.084,0.0911
156,575,Q575D,1,0.6976,0.5281,0.2374,0.2023,0.114,0.114,0.0915
157,575,Q575K,1,0.6976,0.5281,0.2374,0.2023,0.1321,0.1321,0.0915
158,575,Q575N,1,0.6976,0.5281,0.2374,0.2023,0.0898,0.0898,0.0915
159,575,Q575A,1,0.6976,0.5281,0.2374,0.2023,0.1224,0.1224,0.0915
160,575,Q575G,1,0.6976,0.5281,0.2374,0.2023,0.1303,0.1303,0.0915
161,450,N450F,1,0.5581,0.6006,0.2408,0.2943,0.1443,0.1443,0.0916
162,450,N450K,1,0.5581,0.6006,0.2408,0.2943,0.1302,0.1302,0.0916
163,450,N450E,1,0.5581,0.6006,0.2408,0.2943,0.1301,0.1301,0.0916
164,450,N450A,1,0.5581,0.6006,0.2408,0.2943,0.0633,0.0633,0.0916
165,450,N450Q,1,0.5581,0.6006,0.2408,0.2943,0.1261,0.1261,0.0916
166,130,A130N,1,0.4301,0.5682,0.3401,0.168,0.0624,0.0624,0.0919
167,130,A130D,1,0.4301,0.5682,0.3401,0.168,0.1214,0.1214,0.0919
168,84,T84S,1,0.7589,0.6222,0.3136,0.341,0.092,0.092,0.092
169,244,V244A,1,0.4343,0.1773,0.5235,0.4324,0.1221,0.1221,0.0923
170,244,V244D,1,0.4343,0.1773,0.5235,0.4324,0.1105,0.1105,0.0923
171,244,V244Q,1,0.4343,0.1773,0.5235,0.4324,0.065,0.065,0.0923
172,244,V244E,1,0.4343,0.1773,0.5235,0.4324,0.0792,0.0792,0.0923
173,244,V244N,1,0.4343,0.1773,0.5235,0.4324,0.0161,0.0161,0.0923
174,494,F494L,1,0.3875,0.118,0.6903,0.6738,0.0457,0.0457,0.0933
175,494,F494M,1,0.3875,0.118,0.6903,0.6738,0.1409,0.1409,0.0933
176,522,S522A,1,0.3059,0.1665,0.724,0.5882,0.0934,0.0934,0.0934
177,224,I224Q,1,0.2794,0.5968,0.2817,0.2542,0.0343,0.0343,0.095
178,224,I224R,1,0.2794,0.5968,0.2817,0.2542,0.0695,0.0695,0.095
179,224,I224E,1,0.2794,0.5968,0.2817,0.2542,0.1118,0.1118,0.095
180,224,I224H,1,0.2794,0.5968,0.2817,0.2542,0.1079,0.1079,0.095
181,224,I224A,1,0.2794,0.5968,0.2817,0.2542,0.1341,0.1341,0.095
182,176,A176P,1,0.6541,0.1457,0.554,0.3865,0.0955,0.0955,0.0955
183,285,P285A,1,0.4611,0.3454,0.4086,0.1878,0.0715,0.0715,0.0959
184,285,P285S,1,0.4611,0.3454,0.4086,0.1878,0.1204,0.1204,0.0959
185,285,P285K,1,0.4611,0.3454,0.4086,0.1878,0.1298,0.1298,0.0959
186,285,P285Q,1,0.4611,0.3454,0.4086,0.1878,0.0621,0.0621,0.0959
187,375,T375K,1,0.3465,0.1989,0.492,0.4559,0.096,0.096,0.096
188,662,Q662G,1,0.6438,0.7348,0.4077,0.4279,0.0872,0.0872,0.0977
189,662,Q662N,1,0.6438,0.7348,0.4077,0.4279,0.1412,0.1412,0.0977
190,662,Q662A,1,0.6438,0.7348,0.4077,0.4279,0.0408,0.0408,0.0977
191,662,Q662P,1,0.6438,0.7348,0.4077,0.4279,0.0804,0.0804,0.0977
192,662,Q662L,1,0.6438,0.7348,0.4077,0.4279,0.1444,0.1444,0.0977
193,416,K416N,1,0.6146,0.3516,0.5365,0.3896,0.1351,0.1351,0.098
194,416,K416A,1,0.6146,0.3516,0.5365,0.3896,0.0609,0.0609,0.098
195,451,T451V,1,0.496,0.1303,0.6161,0.6416,0.0629,0.0629,0.0992
196,451,T451W,1,0.496,0.1303,0.6161,0.6416,0.1355,0.1355,0.0992
197,101,Q101T,1,0.5298,0.6816,0.2193,0.1916,0.0787,0.0787,0.0996
198,101,Q101V,1,0.5298,0.6816,0.2193,0.1916,0.1205,0.1205,0.0996
199,484,G484A,1,0.1485,0.1989,0.5272,0.5146,0.0999,0.0999,0.0999
200,387,D387S,1,0.4996,0.1827,0.4667,0.345,0.0686,0.0686,0.1
201,387,D387G,1,0.4996,0.1827,0.4667,0.345,0.1073,0.1073,0.1
202,387,D387A,1,0.4996,0.1827,0.4667,0.345,0.1242,0.1242,0.1
203,278,S278A,1,0.5085,0.1411,0.582,0.4338,0.1275,0.1275,0.1008
204,278,S278P,1,0.5085,0.1411,0.582,0.4338,0.074,0.074,0.1008
205,505,T505R,1,0.5717,0.313,0.3646,0.3324,0.1168,0.1168,0.1017
206,505,T505K,1,0.5717,0.313,0.3646,0.3324,0.0866,0.0866,0.1017
207,174,Y174G,1,0.6336,0.5405,0.4409,0.3355,0.0624,0.0624,0.1019
208,174,Y174N,1,0.6336,0.5405,0.4409,0.3355,0.1376,0.1376,0.1019
209,174,Y174A,1,0.6336,0.5405,0.4409,0.3355,0.1067,0.1067,0.1019
210,174,Y174P,1,0.6336,0.5405,0.4409,0.3355,0.111,0.111,0.1019
211,174,Y174S,1,0.6336,0.5405,0.4409,0.3355,0.0704,0.0704,0.1019
212,180,G180T,1,0.6503,0.4965,0.3602,0.2443,0.068,0.068,0.1028
213,180,G180S,1,0.6503,0.4965,0.3602,0.2443,0.1032,0.1032,0.1028
214,180,G180V,1,0.6503,0.4965,0.3602,0.2443,0.1372,0.1372,0.1028
215,591,I591V,1,0.815,0.1565,0.7131,0.938,0.104,0.104,0.104
216,153,T153S,1,0.5698,0.2174,0.5387,0.5869,0.104,0.104,0.104
217,281,D281N,1,0.4924,0.1843,0.4871,0.3858,0.1044,0.1044,0.1044
218,143,P143T,1,0.6665,0.3793,0.3511,0.2134,0.1075,0.1075,0.1045
219,143,P143S,1,0.6665,0.3793,0.3511,0.2134,0.0374,0.0374,0.1045
220,143,P143Q,1,0.6665,0.3793,0.3511,0.2134,0.115,0.115,0.1045
221,143,P143N,1,0.6665,0.3793,0.3511,0.2134,0.1128,0.1128,0.1045
222,143,P143A,1,0.6665,0.3793,0.3511,0.2134,0.1496,0.1496,0.1045
223,599,Y599M,1,0.4457,0.3315,0.4104,0.5113,0.1042,0.1042,0.105
224,599,Y599L,1,0.4457,0.3315,0.4104,0.5113,0.1059,0.1059,0.105
225,51,N51A,1,0.7484,0.4472,0.2979,0.1509,0.1148,0.1148,0.1056
226,51,N51S,1,0.7484,0.4472,0.2979,0.1509,0.0965,0.0965,0.1056
227,140,E140S,1,0.4685,0.2305,0.4281,0.4299,0.0902,0.0902,0.1068
228,140,E140P,1,0.4685,0.2305,0.4281,0.4299,0.1222,0.1222,0.1068
229,140,E140N,1,0.4685,0.2305,0.4281,0.4299,0.1487,0.1487,0.1068
230,140,E140A,1,0.4685,0.2305,0.4281,0.4299,0.0642,0.0642,0.1068
231,140,E140G,1,0.4685,0.2305,0.4281,0.4299,0.1431,0.1431,0.1068
232,334,S334L,1,0.4643,0.7178,0.2374,0.2029,0.1076,0.1076,0.1076
233,449,P449A,1,0.5258,0.1665,0.6333,0.5835,0.0891,0.0891,0.108
234,449,P449T,1,0.5258,0.1665,0.6333,0.5835,0.1463,0.1463,0.108
235,449,P449S,1,0.5258,0.1665,0.6333,0.5835,0.1068,0.1068,0.108
236,449,P449N,1,0.5258,0.1665,0.6333,0.5835,0.0897,0.0897,0.108
237,163,I163A,1,0.6045,0.1365,0.6608,0.9617,0.0711,0.0711,0.1088
238,163,I163V,1,0.6045,0.1365,0.6608,0.9617,0.1465,0.1465,0.1088
239,389,K389T,1,0.5015,0.3362,0.4677,0.3784,0.0167,0.0167,0.1098
240,389,K389S,1,0.5015,0.3362,0.4677,0.3784,0.1253,0.1253,0.1098
241,389,K389R,1,0.5015,0.3362,0.4677,0.3784,0.1464,0.1464,0.1098
242,389,K389V,1,0.5015,0.3362,0.4677,0.3784,0.1129,0.1129,0.1098
243,389,K389Q,1,0.5015,0.3362,0.4677,0.3784,0.1478,0.1478,0.1098
244,365,K365N,1,0.6053,0.1889,0.4474,0.3111,0.1103,0.1103,0.1103
245,385,S385N,1,0.5296,0.3824,0.3529,0.4989,0.1108,0.1108,0.1108
246,178,Q178A,1,0.6439,0.6947,0.327,0.1115,0.0827,0.0827,0.1109
247,178,Q178N,1,0.6439,0.6947,0.327,0.1115,0.1384,0.1384,0.1109
248,178,Q178D,1,0.6439,0.6947,0.327,0.1115,0.0984,0.0984,0.1109
249,178,Q178S,1,0.6439,0.6947,0.327,0.1115,0.1067,0.1067,0.1109
250,178,Q178T,1,0.6439,0.6947,0.327,0.1115,0.1283,0.1283,0.1109
251,444,E444A,1,0.6114,0.357,0.4432,0.3675,0.1375,0.1375,0.1109
252,444,E444T,1,0.6114,0.357,0.4432,0.3675,0.0983,0.0983,0.1109
253,444,E444S,1,0.6114,0.357,0.4432,0.3675,0.1026,0.1026,0.1109
254,444,E444D,1,0.6114,0.357,0.4432,0.3675,0.1128,0.1128,0.1109
255,444,E444N,1,0.6114,0.357,0.4432,0.3675,0.1033,0.1033,0.1109
256,483,R483Y,1,0.2103,0.2513,0.4382,0.5335,0.1205,0.1205,0.1112
257,483,R483H,1,0.2103,0.2513,0.4382,0.5335,0.1018,0.1018,0.1112
258,633,S633P,1,0.5935,0.1928,0.487,0.3467,0.1115,0.1115,0.1115
259,627,F627A,1,0.7437,0.293,0.4705,0.5284,0.1116,0.1116,0.1116
260,502,E502S,1,0.6452,0.5189,0.3881,0.3074,0.0859,0.0859,0.112
261,502,E502A,1,0.6452,0.5189,0.3881,0.3074,0.1382,0.1382,0.112
262,44,A44E,1,0.8107,0.8072,0.3452,0.2489,0.1457,0.1457,0.1124
263,44,A44Q,1,0.8107,0.8072,0.3452,0.2489,0.0604,0.0604,0.1124
264,44,A44S,1,0.8107,0.8072,0.3452,0.2489,0.1312,0.1312,0.1124
265,326,S326D,1,0.5179,0.1503,0.6201,0.5317,0.0957,0.0957,0.1125
266,326,S326N,1,0.5179,0.1503,0.6201,0.5317,0.1293,0.1293,0.1125
267,58,K58A,1,0.5318,0.6955,0.2627,0.1882,0.1303,0.1303,0.1126
268,58,K58T,1,0.5318,0.6955,0.2627,0.1882,0.11,0.11,0.1126
269,58,K58S,1,0.5318,0.6955,0.2627,0.1882,0.1395,0.1395,0.1126
270,58,K58P,1,0.5318,0.6955,0.2627,0.1882,0.0704,0.0704,0.1126
271,585,I585V,1,0.7997,0.1812,0.6003,0.7265,0.1127,0.1127,0.1127
272,134,T134E,1,0.4018,0.613,0.3322,0.28,0.1133,0.1133,0.1133
273,354,S354Q,1,0.1801,0.1581,0.5804,0.5052,0.1347,0.1347,0.1164
274,354,S354A,1,0.1801,0.1581,0.5804,0.5052,0.1241,0.1241,0.1164
275,354,S354K,1,0.1801,0.1581,0.5804,0.5052,0.1409,0.1409,0.1164
276,354,S354E,1,0.1801,0.1581,0.5804,0.5052,0.0659,0.0659,0.1164
277,504,D504N,1,0.5833,0.2691,0.5491,0.3246,0.1167,0.1167,0.1167
278,127,S127T,1,0.42,0.1488,0.5112,0.6174,0.1174,0.1174,0.1174
279,35,N35T,1,0.7547,0.4117,0.3222,0.3017,0.1183,0.1183,0.1193
280,35,N35S,1,0.7547,0.4117,0.3222,0.3017,0.062,0.062,0.1193
281,35,N35G,1,0.7547,0.4117,0.3222,0.3017,0.1478,0.1478,0.1193
282,35,N35A,1,0.7547,0.4117,0.3222,0.3017,0.149,0.149,0.1193
283,592,T592S,1,0.8064,0.5628,0.3017,0.2574,0.1304,0.1304,0.1195
284,592,T592A,1,0.8064,0.5628,0.3017,0.2574,0.1086,0.1086,0.1195
285,452,V452T,1,0.5169,0.6692,0.3175,0.3066,0.1027,0.1027,0.1196
286,452,V452S,1,0.5169,0.6692,0.3175,0.3066,0.0899,0.0899,0.1196
287,452,V452K,1,0.5169,0.6692,0.3175,0.3066,0.136,0.136,0.1196
288,452,V452A,1,0.5169,0.6692,0.3175,0.3066,0.1496,0.1496,0.1196
289,100,N100S,1,0.5868,0.3454,0.5205,0.4957,0.1199,0.1199,0.1199
290,30,S30T,1,0.527,0.7062,0.2508,0.2468,0.1202,0.1202,0.1202
291,203,S203T,1,0.5193,0.2699,0.4579,0.5134,0.1205,0.1205,0.1205
292,660,V660L,1,0.6272,0.1419,0.6494,0.8662,0.1258,0.1258,0.1206
293,660,V660I,1,0.6272,0.1419,0.6494,0.8662,0.1153,0.1153,0.1206
294,170,Q170T,1,0.5542,0.4942,0.2863,0.1755,0.1345,0.1345,0.121
295,170,Q170A,1,0.5542,0.4942,0.2863,0.1755,0.1163,0.1163,0.121
296,170,Q170S,1,0.5542,0.4942,0.2863,0.1755,0.1254,0.1254,0.121
297,170,Q170G,1,0.5542,0.4942,0.2863,0.1755,0.1079,0.1079,0.121
298,396,S396A,1,0.5232,0.2382,0.4465,0.3812,0.1346,0.1346,0.1212
299,396,S396G,1,0.5232,0.2382,0.4465,0.3812,0.1077,0.1077,0.1212
300,400,V400N,1,0.4406,0.3431,0.7054,0.6236,0.1373,0.1373,0.1214
301,400,V400A,1,0.4406,0.3431,0.7054,0.6236,0.1253,0.1253,0.1214
302,400,V400D,1,0.4406,0.3431,0.7054,0.6236,0.1065,0.1065,0.1214
303,400,V400P,1,0.4406,0.3431,0.7054,0.6236,0.1223,0.1223,0.1214
304,400,V400S,1,0.4406,0.3431,0.7054,0.6236,0.1134,0.1134,0.1214
305,125,S125T,1,0.4764,0.2891,0.3283,0.3284,0.1217,0.1217,0.1217
306,445,P445D,1,0.5949,0.1164,0.7602,0.674,0.1147,0.1147,0.1222
307,445,P445N,1,0.5949,0.1164,0.7602,0.674,0.1298,0.1298,0.1222
308,460,F460Y,1,0.3763,0.2722,0.4252,0.6143,0.1242,0.1242,0.1242
309,330,K330N,1,0.5364,0.3778,0.402,0.3139,0.1248,0.1248,0.1248
310,435,T435K,1,0.3769,0.6978,0.3688,0.3287,0.1173,0.1173,0.125
311,435,T435R,1,0.3769,0.6978,0.3688,0.3287,0.1439,0.1439,0.125
312,435,T435N,1,0.3769,0.6978,0.3688,0.3287,0.096,0.096,0.125
313,435,T435A,1,0.3769,0.6978,0.3688,0.3287,0.1429,0.1429,0.125
314,236,I236A,1,0.5001,0.6083,0.2284,0.233,0.1206,0.1206,0.125
315,236,I236K,1,0.5001,0.6083,0.2284,0.233,0.1098,0.1098,0.125
316,236,I236Q,1,0.5001,0.6083,0.2284,0.233,0.1471,0.1471,0.125
317,236,I236N,1,0.5001,0.6083,0.2284,0.233,0.1461,0.1461,0.125
318,236,I236T,1,0.5001,0.6083,0.2284,0.233,0.1174,0.1174,0.125
319,514,I514V,1,0.3372,0.1565,0.6903,0.895,0.1259,0.1259,0.1259
320,138,N138Y,1,0.3869,0.6476,0.3782,0.4453,0.1459,0.1459,0.1262
321,138,N138S,1,0.3869,0.6476,0.3782,0.4453,0.1213,0.1213,0.1262
322,138,N138A,1,0.3869,0.6476,0.3782,0.4453,0.1432,0.1432,0.1262
323,138,N138T,1,0.3869,0.6476,0.3782,0.4453,0.0942,0.0942,0.1262
324,229,S229I,1,0.4036,0.3624,0.4411,0.4721,0.1236,0.1236,0.1271
325,229,S229L,1,0.4036,0.3624,0.4411,0.4721,0.1156,0.1156,0.1271
326,229,S229V,1,0.4036,0.3624,0.4411,0.4721,0.1421,0.1421,0.1271
327,68,A68G,1,0.9091,0.1157,0.8957,0.8336,0.1336,0.1336,0.1273
328,68,A68P,1,0.9091,0.1157,0.8957,0.8336,0.121,0.121,0.1273
329,515,V515P,1,0.2833,0.2907,0.6221,0.5457,0.1283,0.1283,0.1283
330,521,I521V,1,0.2393,0.2313,0.5061,0.8145,0.1291,0.1291,0.1291
331,192,I192L,1,0.2783,0.1997,0.5787,0.8503,0.1292,0.1292,0.1292
332,656,S656T,1,0.6473,0.3022,0.4129,0.3774,0.1468,0.1468,0.1294
333,656,S656K,1,0.6473,0.3022,0.4129,0.3774,0.1119,0.1119,0.1294
334,429,T429Q,1,0.0686,0.2945,0.5497,0.5318,0.1294,0.1294,0.1294
335,228,S228T,1,0.3533,0.1642,0.6135,0.5628,0.1298,0.1298,0.1298
336,337,N337G,1,0.4951,0.1342,0.5948,0.3842,0.1311,0.1311,0.1311
337,69,N69G,1,0.8958,0.4279,0.4053,0.3638,0.1218,0.1218,0.1316
338,69,N69S,1,0.8958,0.4279,0.4053,0.3638,0.1415,0.1415,0.1316
339,404,A404S,1,0.2459,0.1673,0.6994,0.6004,0.1317,0.1317,0.1317
340,590,S590T,1,0.8594,0.4958,0.39,0.1784,0.1343,0.1343,0.1321
341,590,S590A,1,0.8594,0.4958,0.39,0.1784,0.1299,0.1299,0.1321
342,397,N397G,1,0.5795,0.2606,0.6969,0.6025,0.1479,0.1479,0.1323
343,397,N397L,1,0.5795,0.2606,0.6969,0.6025,0.1256,0.1256,0.1323
344,397,N397T,1,0.5795,0.2606,0.6969,0.6025,0.1233,0.1233,0.1323
345,500,V500D,1,0.5658,0.2621,0.4383,0.3225,0.1329,0.1329,0.133
346,500,V500N,1,0.5658,0.2621,0.4383,0.3225,0.1204,0.1204,0.133
347,500,V500S,1,0.5658,0.2621,0.4383,0.3225,0.1456,0.1456,0.133
348,508,K508T,1,0.5257,0.5166,0.3249,0.154,0.1332,0.1332,0.1332
349,495,T495V,1,0.4286,0.1681,0.5157,0.4577,0.1173,0.1173,0.1333
350,495,T495I,1,0.4286,0.1681,0.5157,0.4577,0.1493,0.1493,0.1333
351,275,L275I,1,0.4097,0.1365,0.6275,0.8836,0.134,0.134,0.134
352,142,R142K,1,0.6032,0.65,0.2878,0.2369,0.1341,0.1341,0.1341
353,183,R183Q,1,0.5344,0.6106,0.3251,0.3552,0.1469,0.1469,0.1342
354,183,R183K,1,0.5344,0.6106,0.3251,0.3552,0.1216,0.1216,0.1342
355,447,T447S,1,0.5769,0.5968,0.2783,0.2606,0.1343,0.1343,0.1343
356,200,E200D,1,0.452,0.6022,0.4928,0.4797,0.1347,0.1347,0.1347
357,457,G457S,1,0.4712,0.1249,0.7001,0.5528,0.1282,0.1282,0.135
358,457,G457N,1,0.4712,0.1249,0.7001,0.5528,0.1417,0.1417,0.135
359,586,S586D,1,0.847,0.3123,0.3035,0.3812,0.1457,0.1457,0.135
360,586,S586T,1,0.847,0.3123,0.3035,0.3812,0.1243,0.1243,0.135
361,636,A636L,1,0.6005,0.3123,0.607,0.9773,0.1361,0.1361,0.1361
362,454,A454K,1,0.5015,0.1789,0.5844,0.6468,0.1362,0.1362,0.1362
363,181,L181V,1,0.5727,0.8705,0.2973,0.2458,0.137,0.137,0.137
364,646,M646L,1,0.6843,0.1665,0.675,0.9666,0.1375,0.1375,0.1375
365,619,N619S,1,0.9294,0.6338,0.232,0.1488,0.1387,0.1387,0.1387
366,89,N89S,1,0.4917,0.1912,0.5895,0.7381,0.1393,0.1393,0.1393
367,513,S513T,1,0.4031,0.3763,0.4897,0.621,0.1393,0.1393,0.1393
368,169,F169L,1,0.5016,0.1742,0.5158,0.559,0.1399,0.1399,0.1399
369,189,D189P,1,0.4048,0.1581,0.6029,0.4116,0.1336,0.1336,0.1403
370,189,D189N,1,0.4048,0.1581,0.6029,0.4116,0.1406,0.1406,0.1403
371,189,D189S,1,0.4048,0.1581,0.6029,0.4116,0.1467,0.1467,0.1403
372,626,S626T,1,0.8484,0.2452,0.3927,0.4584,0.1404,0.1404,0.1404
373,233,S233A,1,0.5775,0.6237,0.2879,0.2663,0.1475,0.1475,0.1406
374,233,S233K,1,0.5775,0.6237,0.2879,0.2663,0.1336,0.1336,0.1406
375,110,V110I,1,0.5511,0.1465,0.7401,0.9885,0.141,0.141,0.141
376,485,I485V,1,0.1323,0.3755,0.3917,0.5313,0.1415,0.1415,0.1415
377,114,S114T,1,0.7733,0.4217,0.2956,0.3044,0.1424,0.1424,0.1424
378,474,S474K,1,0.5231,0.2675,0.4367,0.5092,0.1425,0.1425,0.1425
379,578,K578S,1,0.7415,0.3254,0.4059,0.3334,0.146,0.146,0.1426
380,578,K578A,1,0.7415,0.3254,0.4059,0.3334,0.1393,0.1393,0.1426
381,243,T243S,1,0.4024,0.3608,0.4906,0.4966,0.1446,0.1446,0.1446
382,551,F551Y,1,0.4701,0.1334,0.7186,0.9294,0.1446,0.1446,0.1446
383,59,D59N,1,0.6346,0.4618,0.347,0.2881,0.1447,0.1447,0.1447
384,271,K271A,1,0.2989,0.5297,0.3059,0.1566,0.1469,0.1469,0.1469
385,258,G258A,1,0.5276,0.431,0.443,0.3594,0.1473,0.1473,0.1473
386,348,K348S,1,0.2068,0.6862,0.2885,0.2206,0.1474,0.1474,0.1474
387,486,P486V,1,0.0671,0.1025,0.7981,0.7426,0.1475,0.1475,0.1475
388,83,K83G,1,0.7973,0.3092,0.4876,0.3085,0.1477,0.1477,0.1477
389,317,V317Q,1,0.2039,0.6353,0.1909,0.1214,0.1481,0.1481,0.1481
390,456,N456G,1,0.5085,0.2506,0.4251,0.3781,0.1487,0.1487,0.1487
391,87,N87S,1,0.6007,0.8242,0.3328,0.3348,0.1488,0.1488,0.1488
392,71,D71T,1,0.8049,0.6338,0.4014,0.3186,0.1489,0.1489,0.1489
393,574,T574A,1,0.7683,0.2097,0.3561,0.2919,0.1494,0.1494,0.1494
